[
{
  "model": "webapp.status",
  "pk": 1,
  "fields": {
    "name": "new"
  }
},
{
  "model": "webapp.status",
  "pk": 2,
  "fields": {
    "name": "In Progress"
  }
},
{
  "model": "webapp.status",
  "pk": 3,
  "fields": {
    "name": "Done"
  }
},
{
  "model": "webapp.type",
  "pk": 1,
  "fields": {
    "name": "Task"
  }
},
{
  "model": "webapp.type",
  "pk": 2,
  "fields": {
    "name": "Bug"
  }
},
{
  "model": "webapp.type",
  "pk": 3,
  "fields": {
    "name": "Enhancement"
  }
},
{
  "model": "webapp.task",
  "pk": 2,
  "fields": {
    "created_at": "2021-03-25T10:21:01.378Z",
    "updated_at": "2021-03-25T10:21:01.378Z",
    "summary": "read XXX",
    "description": "dfkdjgi ervjifokvnfdj nueihv jefhu hd ehd",
    "status": 2,
    "project": 1,
    "type": [
      1,
      2
    ]
  }
},
{
  "model": "webapp.task",
  "pk": 3,
  "fields": {
    "created_at": "2021-03-11T10:42:04.412Z",
    "updated_at": "2021-03-11T10:42:04.412Z",
    "summary": "update Tracker",
    "description": "",
    "status": 3,
    "project": 1,
    "type": []
  }
},
{
  "model": "webapp.task",
  "pk": 4,
  "fields": {
    "created_at": "2021-03-11T10:43:15.848Z",
    "updated_at": "2021-03-11T10:43:15.848Z",
    "summary": "documents",
    "description": "dcuhdu cusigdbc uiwhxoa hioxwhsx chuwh",
    "status": 1,
    "project": 1,
    "type": []
  }
},
{
  "model": "webapp.task",
  "pk": 11,
  "fields": {
    "created_at": "2021-03-14T19:05:57.668Z",
    "updated_at": "2021-03-14T19:05:57.668Z",
    "summary": "To delete some tasks",
    "description": "Lorem, ipsum dolor sit amet consectetur adipisicing elit. Dicta voluptatum nostrum quod sequi sunt ut ipsam, aliquam alias inventore, ad est? Esse deleniti delectus quia iste ea fugit cum est",
    "status": 2,
    "project": 1,
    "type": []
  }
},
{
  "model": "webapp.task",
  "pk": 16,
  "fields": {
    "created_at": "2021-03-22T07:43:07.568Z",
    "updated_at": "2021-03-22T07:43:07.568Z",
    "summary": "Add login",
    "description": "",
    "status": 2,
    "project": 1,
    "type": [
      1,
      2
    ]
  }
},
{
  "model": "webapp.task",
  "pk": 17,
  "fields": {
    "created_at": "2021-03-22T07:53:57.170Z",
    "updated_at": "2021-03-22T07:53:57.170Z",
    "summary": "to check documents",
    "description": "Lorem, ipsum dolor sit amet consectetur adipisicing elit. Dicta voluptatum nostrum quod sequi sunt ut ipsam, aliquam alias inventore, ad est? Esse deleniti delectus quia iste ea fugit cum est",
    "status": 1,
    "project": 1,
    "type": [
      1,
      3
    ]
  }
},
{
  "model": "webapp.task",
  "pk": 18,
  "fields": {
    "created_at": "2021-03-22T07:56:02.464Z",
    "updated_at": "2021-03-22T07:56:02.464Z",
    "summary": "Article",
    "description": "Lorem, ipsum dolor sit amet consectetur adipisicing elit.",
    "status": 1,
    "project": 1,
    "type": [
      2,
      3
    ]
  }
},
{
  "model": "webapp.task",
  "pk": 19,
  "fields": {
    "created_at": "2021-03-25T09:31:24.772Z",
    "updated_at": "2021-03-25T09:31:24.772Z",
    "summary": "convey information",
    "description": "ipsum dolor sit amet consectetur adipisicing elit. Dicta voluptatum nostrum quod sequi sunt ut ipsam, aliquam alias inventore, ad est? Esse deleniti delectus quia iste ea fugit cum est",
    "status": 2,
    "project": 1,
    "type": []
  }
},
{
  "model": "webapp.task",
  "pk": 20,
  "fields": {
    "created_at": "2021-03-25T09:31:55.567Z",
    "updated_at": "2021-03-25T09:31:55.567Z",
    "summary": "convey information",
    "description": "ipsum dolor sit amet consectetur adipisicing elit. Dicta voluptatum nostrum quod sequi sunt ut ipsam, aliquam alias inventore, ad est? Esse deleniti delectus quia iste ea fugit cum est",
    "status": 2,
    "project": 1,
    "type": [
      1,
      2
    ]
  }
},
{
  "model": "webapp.task",
  "pk": 21,
  "fields": {
    "created_at": "2021-03-25T09:32:46.506Z",
    "updated_at": "2021-03-25T09:32:46.506Z",
    "summary": "convey information",
    "description": "ipsum dolor sit amet consectetur adipisicing elit. Dicta voluptatum nostrum quod sequi sunt ut ipsam, aliquam alias inventore, ad est? Esse deleniti delectus quia iste ea fugit cum est",
    "status": 2,
    "project": 1,
    "type": [
      1,
      2
    ]
  }
},
{
  "model": "webapp.task",
  "pk": 22,
  "fields": {
    "created_at": "2021-03-25T09:34:11.860Z",
    "updated_at": "2021-03-25T09:34:11.860Z",
    "summary": "save folder",
    "description": "sit amet consectetur adipisicing elit. Dicta voluptatum nostrum quod sequi sunt ut ipsam, aliquam alias inventore, ad est? Esse deleniti delectus quia iste ea fugit cum est",
    "status": 3,
    "project": 1,
    "type": [
      1,
      3
    ]
  }
},
{
  "model": "webapp.task",
  "pk": 23,
  "fields": {
    "created_at": "2021-03-25T09:35:32.646Z",
    "updated_at": "2021-03-25T09:35:32.646Z",
    "summary": "make a list of teams",
    "description": "Dicta voluptatum nostrum quod sequi sunt ut ipsam, aliquam alias inventore, ad est",
    "status": 3,
    "project": 1,
    "type": [
      2,
      3
    ]
  }
},
{
  "model": "webapp.task",
  "pk": 24,
  "fields": {
    "created_at": "2021-03-25T09:37:39.155Z",
    "updated_at": "2021-03-25T09:37:39.155Z",
    "summary": "write a report",
    "description": "Lorem, ipsum dolor sit amet consectetur adipisicing elit. Dicta voluptatum nostrum quod sequi sunt ut ipsam, aliquam alias inventore, ad est?",
    "status": 1,
    "project": 1,
    "type": [
      1,
      2,
      3
    ]
  }
},
{
  "model": "webapp.task",
  "pk": 28,
  "fields": {
    "created_at": "2021-03-29T10:12:08.455Z",
    "updated_at": "2021-03-29T10:12:08.455Z",
    "summary": "76yhj",
    "description": "7jhjk8n7jk",
    "status": 1,
    "project": 1,
    "type": []
  }
},
{
  "model": "webapp.task",
  "pk": 30,
  "fields": {
    "created_at": "2021-03-29T10:39:06.438Z",
    "updated_at": "2021-03-29T10:39:06.438Z",
    "summary": "ijmunhbnjmk,oim",
    "description": "m,imujnhnjm,oim ,imujhyyjumi,iuyr",
    "status": 3,
    "project": 1,
    "type": []
  }
},
{
  "model": "webapp.task",
  "pk": 32,
  "fields": {
    "created_at": "2021-03-29T10:39:31.380Z",
    "updated_at": "2021-03-29T10:39:31.380Z",
    "summary": "ijmunhbnjmk,oim",
    "description": "m,imujnhnjm,oim ,imujhyyjumi,iuyr",
    "status": 3,
    "project": 1,
    "type": []
  }
},
{
  "model": "webapp.task",
  "pk": 34,
  "fields": {
    "created_at": "2021-03-29T11:56:09.709Z",
    "updated_at": "2021-03-29T11:56:09.709Z",
    "summary": "ytjmk,hjh",
    "description": "retetyrjfy gyutiuykhjgfd",
    "status": 2,
    "project": 1,
    "type": [
      2
    ]
  }
},
{
  "model": "webapp.task",
  "pk": 36,
  "fields": {
    "created_at": "2021-03-29T11:58:33.834Z",
    "updated_at": "2021-03-29T11:58:33.834Z",
    "summary": "ytjmk,hjh",
    "description": "retetyrjfy gyutiuykhjgfd",
    "status": 2,
    "project": 1,
    "type": [
      2
    ]
  }
},
{
  "model": "webapp.task",
  "pk": 40,
  "fields": {
    "created_at": "2021-04-08T12:28:17.519Z",
    "updated_at": "2021-04-08T12:28:17.519Z",
    "summary": "ghghdgwhjedwh",
    "description": "uefhyreujdhckj cwelh.dkwn",
    "status": 2,
    "project": 1,
    "type": [
      2
    ]
  }
},
{
  "model": "webapp.task",
  "pk": 42,
  "fields": {
    "created_at": "2021-04-01T04:28:48.217Z",
    "updated_at": "2021-04-01T04:28:48.217Z",
    "summary": "j6ythtyhj",
    "description": "",
    "status": 1,
    "project": 1,
    "type": [
      3
    ]
  }
},
{
  "model": "webapp.task",
  "pk": 44,
  "fields": {
    "created_at": "2021-04-01T12:38:39.371Z",
    "updated_at": "2021-04-01T12:38:39.371Z",
    "summary": "jijerkjfioe",
    "description": "udeigdhw hweudih",
    "status": 2,
    "project": 1,
    "type": [
      2,
      3
    ]
  }
},
{
  "model": "webapp.task",
  "pk": 45,
  "fields": {
    "created_at": "2021-04-08T12:09:10.286Z",
    "updated_at": "2021-04-08T12:09:10.286Z",
    "summary": "yuehfhyeh",
    "description": "",
    "status": 2,
    "project": 1,
    "type": [
      2,
      3
    ]
  }
},
{
  "model": "webapp.project",
  "pk": 1,
  "fields": {
    "created_at": "2021-04-15T12:34:48.443Z",
    "updated_at": "2021-04-15T12:34:48.443Z",
    "name": "Test",
    "description_project": "ipsum dolor sit amet consectetur adipisicing elit. Dicta voluptatum nostrum quod sequi sunt ut ipsam, aliquam alias inventore, ad est? Esse deleniti delectus quia iste ea fugit cum est 122455",
    "start_date": "2021-03-29",
    "end_date": null,
    "user": [
      1,
      2,
      3,
      4,
      5,
      6
    ]
  }
},
{
  "model": "webapp.project",
  "pk": 4,
  "fields": {
    "created_at": "2021-04-16T08:09:53.383Z",
    "updated_at": "2021-04-16T08:09:53.383Z",
    "name": "65yhj7iu5y6hjgkyugbyg",
    "description_project": "5yhtjk8oli76u5ynhinj",
    "start_date": "2021-03-29",
    "end_date": null,
    "user": []
  }
},
{
  "model": "webapp.project",
  "pk": 5,
  "fields": {
    "created_at": "2021-03-29T11:28:43.804Z",
    "updated_at": "2021-03-29T11:28:43.804Z",
    "name": "jytnhbg",
    "description_project": "jukiloiukyj 65uyet hje67uy h",
    "start_date": "2021-03-29",
    "end_date": null,
    "user": []
  }
},
{
  "model": "webapp.project",
  "pk": 8,
  "fields": {
    "created_at": "2021-03-29T12:37:51.219Z",
    "updated_at": "2021-03-29T12:37:51.220Z",
    "name": "project",
    "description_project": "",
    "start_date": "2021-03-29",
    "end_date": null,
    "user": []
  }
},
{
  "model": "webapp.project",
  "pk": 9,
  "fields": {
    "created_at": "2021-03-31T12:52:09.154Z",
    "updated_at": "2021-03-31T12:52:09.154Z",
    "name": "New goal",
    "description_project": "sjeh/ JEIWUJC JICJodujx jsi.kzhcioao jcsapcjh hioszch chis cdiv/soxjk sd cjosd/fsuch",
    "start_date": "2021-03-29",
    "end_date": null,
    "user": []
  }
},
{
  "model": "webapp.project",
  "pk": 10,
  "fields": {
    "created_at": "2021-04-01T08:24:25.274Z",
    "updated_at": "2021-04-01T08:24:25.274Z",
    "name": "Project for sss",
    "description_project": "fuyefu fhuewifh aefuhcioe cieofh",
    "start_date": "2021-04-01",
    "end_date": null,
    "user": []
  }
},
{
  "model": "webapp.project",
  "pk": 12,
  "fields": {
    "created_at": "2021-04-08T12:36:01.997Z",
    "updated_at": "2021-04-08T12:36:01.997Z",
    "name": "butterh",
    "description_project": "th5te",
    "start_date": "2021-03-29",
    "end_date": null,
    "user": []
  }
},
{
  "model": "auth.user",
  "pk": 1,
  "fields": {
    "password": "pbkdf2_sha256$216000$L8JEdbqWodvg$I2jN50uq1xmNRT92JvJtvcfxqKJ5CErlTqF3KPqSVPA=",
    "last_login": "2021-04-19T12:49:04.801Z",
    "is_superuser": true,
    "username": "adminka",
    "first_name": "",
    "last_name": "",
    "email": "",
    "is_staff": true,
    "is_active": true,
    "date_joined": "2021-03-11T10:18:08Z",
    "groups": [
      1,
      3
    ],
    "user_permissions": [
      41
    ]
  }
},
{
  "model": "auth.user",
  "pk": 2,
  "fields": {
    "password": "pbkdf2_sha256$216000$3yYqd9KYE4zO$k/x/mYQ0Fd8yONSIIMxfAiP9kAsAVde/vzxY/6/hBw4=",
    "last_login": null,
    "is_superuser": false,
    "username": "admin",
    "first_name": "Ais",
    "last_name": "Nice",
    "email": "kana@gmaol.com",
    "is_staff": false,
    "is_active": true,
    "date_joined": "2021-04-12T11:19:53Z",
    "groups": [
      1,
      3
    ],
    "user_permissions": [
      41
    ]
  }
},
{
  "model": "auth.user",
  "pk": 3,
  "fields": {
    "password": "pbkdf2_sha256$216000$mDjFkgyOl2km$SZdeYyH6u4a6dK6IRKdS9W75uo9lBixdF+gfuurft8Y=",
    "last_login": "2021-04-12T12:22:50Z",
    "is_superuser": false,
    "username": "assim",
    "first_name": "Ass",
    "last_name": "Assim",
    "email": "alexa@gmail.com",
    "is_staff": false,
    "is_active": true,
    "date_joined": "2021-04-12T12:04:05Z",
    "groups": [
      1,
      3
    ],
    "user_permissions": [
      41
    ]
  }
},
{
  "model": "auth.user",
  "pk": 4,
  "fields": {
    "password": "pbkdf2_sha256$216000$ZHSZgyDvm71C$iEjSH+F69+0tdti4NIaQ6MotwmAnn9lXhmCbQrkmbH0=",
    "last_login": "2021-04-19T10:06:03Z",
    "is_superuser": false,
    "username": "manager",
    "first_name": "Manager",
    "last_name": "",
    "email": "feraso@gmail.com",
    "is_staff": false,
    "is_active": true,
    "date_joined": "2021-04-15T11:56:56Z",
    "groups": [
      1
    ],
    "user_permissions": [
      41
    ]
  }
},
{
  "model": "auth.user",
  "pk": 5,
  "fields": {
    "password": "pbkdf2_sha256$216000$qHzHrtoLAliY$m0VnOOWnsmy7lqZX3T0NNJ1GM8UYZ4k5iwPeFgPbuc8=",
    "last_login": "2021-04-19T10:07:58.233Z",
    "is_superuser": false,
    "username": "lead",
    "first_name": "lead",
    "last_name": "",
    "email": "jordan@gmail.com",
    "is_staff": false,
    "is_active": true,
    "date_joined": "2021-04-15T12:08:29Z",
    "groups": [
      3
    ],
    "user_permissions": []
  }
},
{
  "model": "auth.user",
  "pk": 6,
  "fields": {
    "password": "pbkdf2_sha256$216000$nzlLkuWf2mcz$hty2HHTyBCbIUyaPGkjr4nypifI/vXpJafUgWEw8LSc=",
    "last_login": "2021-04-19T12:47:36.960Z",
    "is_superuser": false,
    "username": "dev",
    "first_name": "Разработчик",
    "last_name": "",
    "email": "kana@gmaol.com",
    "is_staff": false,
    "is_active": true,
    "date_joined": "2021-04-15T12:09:00Z",
    "groups": [
      2
    ],
    "user_permissions": []
  }
},
{
  "model": "auth.user",
  "pk": 7,
  "fields": {
    "password": "pbkdf2_sha256$216000$anh1tQyRgaau$vhKQvZyWvZEcJPSGBhZWK7VjgfzBzkYrv2vbkrICCDI=",
    "last_login": "2021-04-19T08:48:31.804Z",
    "is_superuser": false,
    "username": "kkk",
    "first_name": "KKK",
    "last_name": "sss",
    "email": "feraso@gmail.com",
    "is_staff": false,
    "is_active": true,
    "date_joined": "2021-04-19T08:48:08.733Z",
    "groups": [],
    "user_permissions": []
  }
}
]
